chain, residue_label, residue_name, score, zscore, probability, pocket
A,   19, ILE,  2.2311,   0.6802,   0.2554, 2
A,   20, PRO,  1.4078,   0.2595,   0.0940, 0
A,   21, ALA,  0.7521,  -0.0756,   0.0208, 0
A,   22, SER,  0.7481,  -0.0777,   0.0205, 0
A,   23, GLU,  1.5589,   0.3366,   0.1202, 3
A,   24, GLN,  1.0985,   0.1014,   0.0509, 2
A,   25, GLU,  1.0286,   0.0657,   0.0434, 0
A,   26, THR,  0.9136,   0.0069,   0.0320, 0
A,   27, LEU,  1.3882,   0.2494,   0.0909, 0
A,   28, VAL,  0.0000,  -0.4600,   0.0005, 0
A,   29, ARG,  0.8162,  -0.0429,   0.0247, 0
A,   30, PRO,  0.4459,  -0.2321,   0.0070, 0
A,   31, LYS,  2.1146,   0.6206,   0.2309, 0
A,   32, PRO,  1.0768,   0.0903,   0.0486, 0
A,   33, LEU,  1.3694,   0.2398,   0.0881, 0
A,   34, LEU,  0.5554,  -0.1762,   0.0104, 0
A,   35, LEU,  0.9734,   0.0375,   0.0377, 0
A,   36, LYS,  1.0684,   0.0860,   0.0477, 0
A,   37, LEU,  0.0000,  -0.4600,   0.0005, 0
A,   38, LEU,  0.0000,  -0.4600,   0.0005, 0
A,   39, LYS,  0.8933,  -0.0035,   0.0304, 0
A,   40, SER,  1.9935,   0.5588,   0.2061, 0
A,   41, VAL,  2.7472,   0.9439,   0.3563, 0
A,   42, GLY,  1.9091,   0.5156,   0.1887, 0
A,   43, ALA,  0.7589,  -0.0722,   0.0213, 0
A,   44, GLN,  1.0004,   0.0512,   0.0403, 0
A,   45, LYS,  1.1665,   0.1361,   0.0589, 0
A,   46, ASP,  0.9241,   0.0123,   0.0329, 0
A,   47, THR,  1.2661,   0.1870,   0.0723, 0
A,   48, TYR,  0.0000,  -0.4600,   0.0005, 0
A,   49, THR,  1.0137,   0.0580,   0.0417, 0
A,   50, MET,  0.0000,  -0.4600,   0.0005, 0
A,   51, LYS,  1.0295,   0.0661,   0.0435, 0
A,   52, GLU,  1.1789,   0.1425,   0.0605, 0
A,   53, VAL,  0.0000,  -0.4600,   0.0005, 0
A,   54, LEU,  3.5779,   1.3685,   0.4868, 1
A,   55, PHE,  2.9869,   1.0664,   0.4003, 1
A,   56, TYR,  2.2946,   0.7126,   0.2682, 0
A,   57, LEU,  3.6626,   1.4117,   0.4991, 1
A,   58, GLY,  4.6671,   1.9250,   0.6262, 1
A,   59, GLN,  3.4886,   1.3228,   0.4746, 1
A,   60, TYR,  2.2658,   0.6979,   0.2620, 0
A,   61, ILE,  4.3475,   1.7617,   0.5918, 1
A,   62, MET,  2.4128,   0.7730,   0.2924, 1
A,   63, THR,  2.1744,   0.6512,   0.2439, 0
A,   64, LYS,  1.5527,   0.3335,   0.1190, 4
A,   65, ARG,  0.7808,  -0.0610,   0.0225, 4
A,   66, LEU,  0.5483,  -0.1798,   0.0102, 4
A,   67, TYR,  3.1566,   1.1531,   0.4281, 1
A,   68, ASP,  0.4878,  -0.2107,   0.0082, 4
A,   69, GLU,  1.6369,   0.3765,   0.1340, 0
A,   70, LYS,  0.3703,  -0.2707,   0.0048, 0
A,   71, GLN,  0.8583,  -0.0214,   0.0277, 4
A,   72, GLN,  1.3602,   0.2351,   0.0867, 0
A,   73, HSD,  1.4006,   0.2558,   0.0928, 0
A,   74, ILE,  2.0904,   0.6083,   0.2258, 0
A,   75, VAL,  0.0000,  -0.4600,   0.0005, 0
A,   76, TYR,  2.0242,   0.5745,   0.2124, 4
A,   77, CYS,  0.0000,  -0.4600,   0.0005, 0
A,   78, SER,  1.3915,   0.2511,   0.0915, 4
A,   79, ASN,  1.2211,   0.1640,   0.0664, 4
A,   80, ASP,  1.2897,   0.1991,   0.0753, 0
A,   81, LEU,  1.2445,   0.1760,   0.0694, 0
A,   82, LEU,  0.0000,  -0.4600,   0.0005, 0
A,   83, GLY,  0.6534,  -0.1261,   0.0151, 0
A,   84, ASP,  1.3722,   0.2412,   0.0885, 0
A,   85, LEU,  1.5111,   0.3122,   0.1117, 0
A,   86, PHE,  3.8109,   1.4875,   0.5217, 1
A,   87, GLY,  1.2313,   0.1692,   0.0677, 0
A,   88, VAL,  1.8911,   0.5064,   0.1852, 0
A,   89, PRO,  1.9559,   0.5396,   0.1988, 0
A,   90, SER,  2.4196,   0.7765,   0.2939, 0
A,   91, PHE,  5.4645,   2.3326,   0.7023, 1
A,   92, SER,  2.3929,   0.7629,   0.2884, 0
A,   93, VAL,  4.9057,   2.0470,   0.6519, 1
A,   94, LYS,  2.8807,   1.0122,   0.3823, 0
A,   95, GLU,  1.6714,   0.3942,   0.1406, 0
A,   96, HSD,  3.4883,   1.3226,   0.4746, 1
A,   97, ARG,  2.1852,   0.6567,   0.2462, 0
A,   98, LYS,  1.7277,   0.4229,   0.1510, 0
A,   99, ILE,  4.2283,   1.7008,   0.5789, 1
A,  100, TYR,  1.8161,   0.4681,   0.1693, 1
A,  101, THR,  1.2162,   0.1615,   0.0657, 3
A,  102, MET,  1.4691,   0.2907,   0.1043, 0
A,  103, ILE,  2.3138,   0.7225,   0.2722, 0
A,  104, TYR,  1.9634,   0.5434,   0.2002, 3
A,  105, ARG,  2.4726,   0.8036,   0.3047, 3
A,  106, ASN,  1.6830,   0.4001,   0.1429, 0
A,  107, LEU,  1.1806,   0.1433,   0.0607, 0
A,  108, VAL,  0.8994,  -0.0004,   0.0309, 0
A,  109, VAL,  1.4040,   0.2575,   0.0934, 3
A,  110, VAL,  0.8431,  -0.0291,   0.0266, 0
